time	DeviceName	AccX(g)	AccY(g)	AccZ(g)	AsX(°/s)	AsY(°/s)	AsZ(°/s)	AngleX(°)	AngleY(°)	AngleZ(°)	Temperature(°C)	Version()	Battery level(%)
2024-9-12 11:44:24:640	HC-06(3AA59A817180)	-0.082	0.039	1.022	-7.690	-2.441	-0.488	2.26	4.08	93.04	33.7	18217	75
2024-9-12 11:44:24:640	HC-06(3AA59A817180)	-0.082	0.036	1.025	-7.141	-2.502	-0.122	2.19	4.05	93.04	33.7	18217	75
2024-9-12 11:44:24:641	HC-06(3AA59A817180)	-0.083	0.036	1.025	-7.141	-2.502	-0.122	2.12	4.03	93.04	33.7	18217	75
2024-9-12 11:44:24:642	HC-06(3AA59A817180)	-0.083	0.036	1.025	-7.629	-1.892	-0.061	2.05	4.00	93.04	33.7	18217	75
2024-9-12 11:44:24:644	HC-06(3AA59A817180)	-0.081	0.036	1.025	-7.629	-1.892	-0.061	1.98	3.99	93.04	33.7	18217	75
2024-9-12 11:44:24:730	HC-06(3AA59A817180)	-0.081	0.033	1.023	-7.629	-0.977	0.244	1.90	3.98	93.04	33.7	18217	75
2024-9-12 11:44:24:730	HC-06(3AA59A817180)	-0.079	0.033	1.023	-7.629	-0.977	0.244	1.83	3.97	93.04	33.7	18217	75
2024-9-12 11:44:24:731	HC-06(3AA59A817180)	-0.079	0.031	1.021	-7.874	-0.427	0.793	1.76	3.97	93.04	33.7	18217	75
2024-9-12 11:44:24:759	HC-06(3AA59A817180)	-0.078	0.031	1.021	-7.874	-0.427	0.793	1.68	3.96	93.05	33.7	18217	75
2024-9-12 11:44:24:759	HC-06(3AA59A817180)	-0.078	0.031	1.019	-8.240	-0.122	1.038	1.60	3.96	93.06	33.7	18217	75
2024-9-12 11:44:24:760	HC-06(3AA59A817180)	-0.079	0.031	1.019	-8.240	-0.122	1.038	1.53	3.96	93.07	33.7	18217	75
2024-9-12 11:44:24:848	HC-06(3AA59A817180)	-0.079	0.025	1.017	-7.446	0.244	0.916	1.45	3.97	93.08	33.7	18217	75
2024-9-12 11:44:24:849	HC-06(3AA59A817180)	-0.076	0.025	1.017	-7.446	0.244	0.916	1.38	3.97	93.09	33.7	18217	75
2024-9-12 11:44:24:850	HC-06(3AA59A817180)	-0.076	0.021	1.013	-6.287	0.549	0.854	1.32	3.98	93.10	33.7	18217	75
2024-9-12 11:44:24:851	HC-06(3AA59A817180)	-0.074	0.021	1.013	-6.287	0.549	0.854	1.26	3.98	93.11	33.7	18217	75
2024-9-12 11:44:24:853	HC-06(3AA59A817180)	-0.074	0.018	1.010	-5.920	0.732	0.793	1.20	3.99	93.11	33.7	18217	75
2024-9-12 11:44:24:908	HC-06(3AA59A817180)	-0.072	0.018	1.010	-5.920	0.732	0.793	1.15	4.00	93.13	33.7	18217	75
2024-9-12 11:44:24:909	HC-06(3AA59A817180)	-0.072	0.019	1.013	-6.714	0.549	0.427	1.09	4.01	93.13	33.7	18217	75
2024-9-12 11:44:24:910	HC-06(3AA59A817180)	-0.069	0.019	1.013	-6.714	0.549	0.427	1.03	4.02	93.13	33.7	18217	75
2024-9-12 11:44:24:968	HC-06(3AA59A817180)	-0.069	0.019	1.020	-7.507	0.427	-0.427	0.96	4.02	93.13	33.7	18217	75
2024-9-12 11:44:24:969	HC-06(3AA59A817180)	-0.068	0.019	1.020	-7.507	0.427	-0.427	0.89	4.03	93.13	33.7	18217	75
2024-9-12 11:44:24:970	HC-06(3AA59A817180)	-0.066	0.015	1.026	-6.592	0.610	-1.099	0.76	4.04	93.11	33.7	18217	75
2024-9-12 11:44:24:980	HC-06(3AA59A817180)	-0.075	0.012	1.025	-5.371	0.549	-1.465	0.04	4.03	92.88	33.7	18217	75
2024-9-12 11:44:25:28	HC-06(3AA59A817180)	-0.075	0.007	1.016	-8.667	-0.854	-2.136	-0.03	4.02	92.86	33.7	18217	75
2024-9-12 11:44:25:30	HC-06(3AA59A817180)	-0.071	0.007	1.016	-8.667	-0.854	-2.136	-0.11	4.01	92.84	33.7	18217	75
2024-9-12 11:44:25:31	HC-06(3AA59A817180)	-0.071	0.000	1.025	-7.996	-0.732	-1.404	-0.19	4.00	92.82	33.7	18217	75
2024-9-12 11:44:25:32	HC-06(3AA59A817180)	-0.068	0.000	1.025	-7.996	-0.732	-1.404	-0.26	3.99	92.81	33.7	18217	75
2024-9-12 11:44:25:60	HC-06(3AA59A817180)	-0.063	-0.025	1.033	-2.625	0.122	1.770	-0.46	3.94	92.78	33.7	18217	75
2024-9-12 11:44:25:60	HC-06(3AA59A817180)	-0.071	-0.008	1.015	-2.625	0.122	1.770	-0.48	3.94	92.80	33.7	18217	75
2024-9-12 11:44:25:61	HC-06(3AA59A817180)	-0.071	0.001	1.016	-3.540	-0.732	2.502	-0.51	3.94	92.82	33.7	18217	75
2024-9-12 11:44:25:61	HC-06(3AA59A817180)	-0.068	0.001	1.016	-3.540	-0.732	2.502	-0.51	3.94	92.82	33.7	18217	75
2024-9-12 11:44:25:63	HC-06(3AA59A817180)	-0.066	-0.017	1.019	-0.183	-0.183	-0.671	-0.93	3.89	92.90	33.8	18217	75
2024-9-12 11:44:25:91	HC-06(3AA59A817180)	-0.066	-0.026	1.023	2.380	0.244	-0.793	-0.92	3.89	92.89	33.7	18217	75
2024-9-12 11:44:25:149	HC-06(3AA59A817180)	-0.071	-0.026	1.023	2.380	0.244	-0.793	-0.90	3.89	92.88	33.7	18217	75
2024-9-12 11:44:25:150	HC-06(3AA59A817180)	-0.071	-0.008	1.018	1.099	0.244	-0.793	-0.76	3.90	92.84	33.7	18217	75
2024-9-12 11:44:25:152	HC-06(3AA59A817180)	-0.071	-0.010	1.028	2.563	0.122	-1.282	-0.73	3.90	92.83	33.7	18217	75
2024-9-12 11:44:25:153	HC-06(3AA59A817180)	-0.071	-0.010	1.028	2.563	0.122	-1.282	-0.71	3.90	92.82	33.7	18217	75
2024-9-12 11:44:25:182	HC-06(3AA59A817180)	-0.071	-0.010	1.028	1.282	0.244	-1.404	-0.69	3.91	92.80	33.7	18217	75
2024-9-12 11:44:25:183	HC-06(3AA59A817180)	-0.071	-0.010	1.028	1.282	0.244	-1.404	-0.68	3.91	92.79	33.7	18217	75
2024-9-12 11:44:25:359	HC-06(3AA59A817180)	-0.071	-0.008	1.031	-0.671	-0.122	-0.854	-0.68	3.91	92.78	33.7	18217	75
2024-9-12 11:44:25:360	HC-06(3AA59A817180)	-0.071	-0.008	1.031	-0.671	-0.122	-0.854	-0.69	3.91	92.77	33.7	18217	75
2024-9-12 11:44:25:361	HC-06(3AA59A817180)	-0.069	-0.008	1.029	3.113	-0.183	-0.122	-0.64	3.89	92.75	33.7	18217	75
2024-9-12 11:44:25:539	HC-06(3AA59A817180)	-0.067	-0.009	1.018	3.113	-0.183	-0.122	-0.61	3.89	92.75	33.8	18217	75
2024-9-12 11:44:25:540	HC-06(3AA59A817180)	-0.067	-0.004	1.019	2.991	-0.244	0.488	-0.58	3.88	92.75	33.7	18217	75
2024-9-12 11:44:25:753	HC-06(3AA59A817180)	-0.069	-0.004	1.019	2.991	-0.244	0.488	-0.55	3.88	92.75	33.7	18217	75
2024-9-12 11:44:25:754	HC-06(3AA59A817180)	-0.072	-0.008	1.021	4.944	-0.549	1.038	-0.43	3.87	92.78	33.7	18217	75
2024-9-12 11:44:25:838	HC-06(3AA59A817180)	-0.073	-0.013	1.017	4.944	-0.549	1.038	-0.38	3.86	92.79	33.7	18217	75
2024-9-12 11:44:25:883	HC-06(3AA59A817180)	-0.070	-0.013	1.015	2.686	-0.366	0.549	-0.15	3.86	92.82	33.7	18217	75
2024-9-12 11:44:25:883	HC-06(3AA59A817180)	-0.069	-0.003	1.020	2.686	-0.366	0.549	-0.13	3.86	92.83	33.7	18217	75
2024-9-12 11:44:25:883	HC-06(3AA59A817180)	-0.069	0.005	1.031	-0.183	-0.427	0.061	-0.12	3.85	92.83	33.7	18217	75
2024-9-12 11:44:25:884	HC-06(3AA59A817180)	-0.068	0.005	1.031	-0.183	-0.427	0.061	-0.13	3.85	92.83	33.7	18217	75
2024-9-12 11:44:26:81	HC-06(3AA59A817180)	-0.070	0.005	1.041	-0.732	-0.854	0.610	-0.15	3.83	92.83	33.7	18217	75
2024-9-12 11:44:26:82	HC-06(3AA59A817180)	-0.068	0.000	1.038	-0.732	-0.854	0.610	-0.16	3.82	92.85	33.7	18217	75
2024-9-12 11:44:26:82	HC-06(3AA59A817180)	-0.068	-0.003	1.028	-0.488	-1.343	0.732	-0.17	3.81	92.85	33.7	18217	75
2024-9-12 11:44:26:83	HC-06(3AA59A817180)	-0.067	-0.003	1.028	-0.488	-1.343	0.732	-0.17	3.80	92.86	33.7	18217	75
2024-9-12 11:44:26:83	HC-06(3AA59A817180)	-0.067	-0.001	1.017	-2.502	-1.343	0.305	-0.19	3.79	92.86	33.7	18217	75
2024-9-12 11:44:26:139	HC-06(3AA59A817180)	-0.063	-0.001	1.017	-2.502	-1.343	0.305	-0.21	3.77	92.87	33.7	18217	75
2024-9-12 11:44:26:141	HC-06(3AA59A817180)	-0.063	-0.003	1.019	-6.226	-1.526	0.000	-0.25	3.76	92.87	33.7	18217	75
2024-9-12 11:44:26:171	HC-06(3AA59A817180)	-0.063	-0.003	1.019	-6.226	-1.526	0.000	-0.32	3.75	92.87	33.7	18217	75
2024-9-12 11:44:26:171	HC-06(3AA59A817180)	-0.063	-0.022	1.026	-4.211	-1.160	1.526	-0.37	3.74	92.87	33.7	18217	75
2024-9-12 11:44:26:187	HC-06(3AA59A817180)	-0.075	-0.022	1.026	-4.211	-1.160	1.526	-0.46	3.67	92.95	33.7	18217	75
2024-9-12 11:44:26:199	HC-06(3AA59A817180)	-0.061	-0.007	1.000	-3.784	-2.197	0.610	-0.49	3.66	92.96	33.7	18217	75
2024-9-12 11:44:26:200	HC-06(3AA59A817180)	-0.061	-0.033	1.021	-2.869	-1.831	0.183	-0.53	3.64	92.96	33.7	18217	75
2024-9-12 11:44:26:200	HC-06(3AA59A817180)	-0.060	-0.033	1.021	-2.869	-1.831	0.183	-0.55	3.62	92.97	33.7	18217	75
2024-9-12 11:44:26:202	HC-06(3AA59A817180)	-0.060	-0.022	1.017	-0.244	-0.549	2.869	-0.57	3.61	92.98	33.7	18217	75
2024-9-12 11:44:26:202	HC-06(3AA59A817180)	-0.069	-0.022	1.017	-0.244	-0.549	2.869	-0.57	3.60	93.01	33.7	18217	75
2024-9-12 11:44:26:260	HC-06(3AA59A817180)	-0.069	-0.005	1.020	0.305	-1.465	3.235	-0.57	3.60	93.04	33.7	18217	75
2024-9-12 11:44:26:261	HC-06(3AA59A817180)	-0.064	-0.005	1.020	0.305	-1.465	3.235	-0.46	3.41	93.33	33.7	18217	75
2024-9-12 11:44:26:262	HC-06(3AA59A817180)	-0.067	-0.013	1.026	2.625	-1.221	2.014	-0.43	3.39	93.35	33.7	18217	75
2024-9-12 11:44:26:265	HC-06(3AA59A817180)	-0.067	-0.012	1.015	4.150	-1.526	1.709	-0.40	3.38	93.37	33.7	18217	75
2024-9-12 11:44:26:266	HC-06(3AA59A817180)	-0.050	-0.012	1.015	4.150	-1.526	1.709	-0.40	3.38	93.37	33.7	18217	75
2024-9-12 11:44:26:291	HC-06(3AA59A817180)	-0.044	-0.013	0.999	10.437	0.427	0.427	0.65	3.25	93.71	33.7	18217	75
2024-9-12 11:44:26:291	HC-06(3AA59A817180)	-0.066	-0.014	0.999	8.362	0.854	-0.977	1.94	3.70	93.33	33.7	18217	75
2024-9-12 11:44:26:292	HC-06(3AA59A817180)	-0.066	0.044	1.016	6.165	3.052	-1.770	1.99	3.73	93.31	33.7	18217	75
2024-9-12 11:44:26:387	HC-06(3AA59A817180)	-0.065	0.044	1.016	6.165	3.052	-1.770	2.05	3.76	93.30	33.7	18217	75
2024-9-12 11:44:26:388	HC-06(3AA59A817180)	-0.075	0.043	1.013	6.165	3.052	-1.770	1.87	3.97	93.28	33.7	18217	75
2024-9-12 11:44:26:388	HC-06(3AA59A817180)	-0.075	0.045	1.055	-1.221	1.343	2.502	1.87	3.98	93.31	33.7	18217	75
2024-9-12 11:44:26:389	HC-06(3AA59A817180)	-0.084	0.045	1.055	-1.221	1.343	2.502	1.86	3.99	93.33	33.7	18217	75
2024-9-12 11:44:26:469	HC-06(3AA59A817180)	-0.084	0.081	1.028	-1.526	0.610	1.343	1.86	3.99	93.35	33.7	18217	75
2024-9-12 11:44:26:469	HC-06(3AA59A817180)	-0.082	0.081	1.028	-1.526	0.610	1.343	1.85	3.99	93.36	33.7	18217	75
2024-9-12 11:44:26:471	HC-06(3AA59A817180)	-0.079	0.043	1.048	-1.526	0.610	1.343	1.79	4.02	93.40	33.7	18217	75
2024-9-12 11:44:26:498	HC-06(3AA59A817180)	-0.082	0.029	1.019	-0.916	0.427	2.808	1.79	4.02	93.40	33.7	18217	75
2024-9-12 11:44:26:529	HC-06(3AA59A817180)	-0.082	0.017	0.979	10.254	-1.221	2.136	2.70	3.93	93.61	33.7	18217	75
2024-9-12 11:44:26:530	HC-06(3AA59A817180)	-0.082	0.017	0.987	10.864	-1.526	2.136	2.81	3.92	93.63	33.7	18217	75
2024-9-12 11:44:26:558	HC-06(3AA59A817180)	-0.081	0.017	0.987	10.864	-1.526	2.136	2.91	3.91	93.65	33.7	18217	75
2024-9-12 11:44:26:561	HC-06(3AA59A817180)	-0.081	0.026	0.996	10.254	-2.197	2.502	3.00	3.88	93.67	33.7	18217	75
2024-9-12 11:44:26:561	HC-06(3AA59A817180)	-0.088	0.026	0.996	10.254	-2.197	2.502	3.00	3.88	93.67	33.7	18217	75
2024-9-12 11:44:26:649	HC-06(3AA59A817180)	-0.081	0.051	1.006	8.423	-3.296	2.686	3.24	3.81	93.75	33.8	18217	75
2024-9-12 11:44:26:651	HC-06(3AA59A817180)	-0.081	0.049	1.037	9.521	-4.517	4.578	3.46	3.68	93.87	33.7	18217	75
2024-9-12 11:44:26:652	HC-06(3AA59A817180)	-0.080	0.049	1.037	9.521	-4.517	4.578	3.55	3.64	93.91	33.7	18217	75
2024-9-12 11:44:26:653	HC-06(3AA59A817180)	-0.080	0.071	1.030	8.972	-4.578	4.822	3.63	3.60	93.96	33.7	18217	75
2024-9-12 11:44:26:769	HC-06(3AA59A817180)	-0.079	0.071	1.030	8.972	-4.578	4.822	3.72	3.55	94.00	33.7	18217	75
2024-9-12 11:44:26:769	HC-06(3AA59A817180)	-0.079	0.076	1.032	6.653	-4.700	4.822	3.78	3.51	94.05	33.7	18217	75
2024-9-12 11:44:26:798	HC-06(3AA59A817180)	-0.077	0.076	1.032	6.653	-4.700	4.822	3.84	3.47	94.09	33.7	18217	75
2024-9-12 11:44:26:828	HC-06(3AA59A817180)	-0.077	0.074	1.024	7.507	-4.517	4.028	3.91	3.42	94.13	33.7	18217	75
2024-9-12 11:44:26:829	HC-06(3AA59A817180)	-0.063	0.074	1.024	7.507	-4.517	4.028	3.98	3.38	94.16	33.7	18217	75
2024-9-12 11:44:26:831	HC-06(3AA59A817180)	-0.063	0.083	1.021	8.301	-4.150	2.502	4.06	3.35	94.19	33.7	18217	75
2024-9-12 11:44:26:832	HC-06(3AA59A817180)	-0.057	0.083	1.021	8.301	-4.150	2.502	4.14	3.31	94.21	33.7	18217	75
2024-9-12 11:44:26:859	HC-06(3AA59A817180)	-0.057	0.086	1.027	10.498	-4.089	1.648	4.24	3.27	94.22	33.7	18217	75
2024-9-12 11:44:26:861	HC-06(3AA59A817180)	-0.060	0.086	1.027	10.498	-4.089	1.648	4.35	3.24	94.24	33.7	18217	75
2024-9-12 11:44:26:862	HC-06(3AA59A817180)	-0.060	0.089	1.023	12.817	-4.578	1.160	4.47	3.20	94.25	33.7	18217	75
2024-9-12 11:44:26:863	HC-06(3AA59A817180)	-0.063	0.089	1.023	12.817	-4.578	1.160	4.59	3.15	94.25	33.7	18217	75
2024-9-12 11:44:26:918	HC-06(3AA59A817180)	-0.063	0.095	1.017	14.404	-5.371	1.160	4.73	3.10	94.26	33.7	18217	75
2024-9-12 11:44:26:920	HC-06(3AA59A817180)	-0.059	0.095	1.017	14.404	-5.371	1.160	4.87	3.05	94.27	33.7	18217	75
2024-9-12 11:44:26:920	HC-06(3AA59A817180)	-0.059	0.098	1.019	15.930	-6.409	0.427	5.03	2.99	94.27	33.7	18217	75
2024-9-12 11:44:26:923	HC-06(3AA59A817180)	-0.065	0.098	1.019	15.930	-6.409	0.427	5.72	2.72	94.22	33.7	18217	75
2024-9-12 11:44:26:949	HC-06(3AA59A817180)	-0.062	0.093	1.015	20.081	-8.606	-0.854	5.92	2.65	94.21	33.7	18217	75
2024-9-12 11:44:26:950	HC-06(3AA59A817180)	-0.062	0.098	1.009	19.226	-10.864	-0.916	6.10	2.55	94.19	33.7	18217	75
2024-9-12 11:44:26:951	HC-06(3AA59A817180)	-0.059	0.098	1.009	19.226	-10.864	-0.916	6.28	2.45	94.17	33.7	18217	75
2024-9-12 11:44:26:951	HC-06(3AA59A817180)	-0.059	0.108	1.012	17.334	-13.489	-0.427	6.44	2.32	94.15	33.7	18217	75
2024-9-12 11:44:26:952	HC-06(3AA59A817180)	-0.063	0.108	1.012	17.334	-13.489	-0.427	7.01	1.56	94.07	33.7	18217	75
2024-9-12 11:44:26:987	HC-06(3AA59A817180)	-0.063	0.125	1.037	8.850	-20.203	1.465	7.09	1.37	94.06	33.7	18217	75
2024-9-12 11:44:26:988	HC-06(3AA59A817180)	-0.049	0.125	1.037	8.850	-20.203	1.465	7.64	0.37	93.97	33.7	18217	75
2024-9-12 11:44:26:988	HC-06(3AA59A817180)	-0.049	0.113	1.017	16.968	-23.499	0.183	7.79	0.15	93.94	33.7	18217	75
2024-9-12 11:44:27:68	HC-06(3AA59A817180)	-0.044	0.113	1.017	16.968	-23.499	0.183	8.13	-0.28	93.88	33.7	18217	75
2024-9-12 11:44:27:69	HC-06(3AA59A817180)	-0.047	0.129	1.015	18.311	-24.475	0.671	8.30	-0.50	93.86	33.7	18217	75
2024-9-12 11:44:27:85	HC-06(3AA59A817180)	0.001	0.148	1.015	19.958	-25.024	0.977	8.49	-0.73	93.83	33.7	18217	75
2024-9-12 11:44:27:100	HC-06(3AA59A817180)	0.001	0.131	0.954	28.870	-30.396	2.075	10.42	-2.73	93.69	33.7	18217	75
2024-9-12 11:44:27:100	HC-06(3AA59A817180)	0.004	0.131	0.954	28.870	-30.396	2.075	10.69	-3.00	93.66	33.7	18217	75
2024-9-12 11:44:27:102	HC-06(3AA59A817180)	0.004	0.162	0.970	23.926	-32.593	1.831	10.91	-3.30	93.62	33.7	18217	75
2024-9-12 11:44:27:102	HC-06(3AA59A817180)	0.042	0.162	0.970	23.926	-32.593	1.831	11.13	-3.59	93.58	33.7	18217	75
2024-9-12 11:44:27:103	HC-06(3AA59A817180)	0.074	0.158	0.989	23.926	-32.593	1.831	11.13	-3.59	93.58	33.6	18217	75
2024-9-12 11:44:27:159	HC-06(3AA59A817180)	0.074	0.200	0.983	32.471	-45.654	6.531	13.47	-6.93	93.36	33.7	18217	75
2024-9-12 11:44:27:161	HC-06(3AA59A817180)	0.079	0.200	0.983	32.471	-45.654	6.531	13.47	-6.93	93.36	33.7	18217	75
2024-9-12 11:44:27:162	HC-06(3AA59A817180)	0.110	0.215	0.960	33.081	-47.546	7.263	14.40	-8.25	93.24	33.7	18217	75
2024-9-12 11:44:27:164	HC-06(3AA59A817180)	0.110	0.250	0.945	28.625	-49.255	9.033	15.24	-9.64	93.14	33.7	18217	75
2024-9-12 11:44:27:167	HC-06(3AA59A817180)	0.144	0.250	0.945	28.625	-49.255	9.033	15.52	-10.10	93.10	33.7	18217	75
2024-9-12 11:44:27:398	HC-06(3AA59A817180)	0.144	0.285	0.939	26.672	-48.523	9.827	15.77	-10.55	93.07	33.7	18217	75
2024-9-12 11:44:27:399	HC-06(3AA59A817180)	0.156	0.285	0.939	26.672	-48.523	9.827	16.02	-11.01	93.04	33.7	18217	75
2024-9-12 11:44:27:400	HC-06(3AA59A817180)	0.156	0.325	0.945	24.231	-49.011	12.878	16.25	-11.48	93.03	33.7	18217	75
2024-9-12 11:44:27:401	HC-06(3AA59A817180)	0.164	0.325	0.945	24.231	-49.011	12.878	16.48	-11.94	93.02	33.7	18217	75
2024-9-12 11:44:27:518	HC-06(3AA59A817180)	0.164	0.293	0.933	23.926	-50.598	14.343	16.70	-12.43	93.02	33.7	18217	75
2024-9-12 11:44:27:729	HC-06(3AA59A817180)	0.229	0.293	0.933	21.606	-50.537	14.343	17.34	-13.88	93.00	33.7	18217	75
2024-9-12 11:44:27:730	HC-06(3AA59A817180)	0.229	0.327	0.921	22.156	-46.631	16.663	17.55	-14.34	93.03	33.7	18217	75
2024-9-12 11:44:27:731	HC-06(3AA59A817180)	0.252	0.327	0.921	22.156	-46.631	16.663	17.75	-14.79	93.05	33.7	18217	75
2024-9-12 11:44:27:732	HC-06(3AA59A817180)	0.252	0.351	0.914	20.020	-43.945	18.799	17.92	-15.23	93.10	33.7	18217	75
2024-9-12 11:44:27:733	HC-06(3AA59A817180)	0.280	0.351	0.914	20.020	-43.945	18.799	18.11	-15.67	93.15	33.7	18217	75
2024-9-12 11:44:27:759	HC-06(3AA59A817180)	0.280	0.332	0.913	15.503	-43.030	16.663	18.25	-16.09	93.18	33.7	18217	75
2024-9-12 11:44:27:939	HC-06(3AA59A817180)	0.328	0.332	0.913	15.503	-43.030	16.663	18.39	-16.52	93.21	33.7	18217	75
2024-9-12 11:44:27:940	HC-06(3AA59A817180)	0.328	0.336	0.915	11.536	-40.710	16.296	18.49	-16.92	93.25	33.7	18217	75
2024-9-12 11:44:27:943	HC-06(3AA59A817180)	0.363	0.336	0.915	11.536	-40.710	16.296	18.59	-17.33	93.27	33.7	18217	75
2024-9-12 11:44:27:944	HC-06(3AA59A817180)	0.363	0.347	0.924	10.986	-35.706	14.954	18.69	-17.69	93.31	33.7	18217	75
2024-9-12 11:44:27:999	HC-06(3AA59A817180)	0.402	0.347	0.924	10.986	-35.706	14.954	18.79	-18.05	93.35	33.7	18217	75
2024-9-12 11:44:28:0	HC-06(3AA59A817180)	0.402	0.323	0.899	12.207	-31.982	10.010	18.91	-18.36	93.34	33.7	18217	75
2024-9-12 11:44:28:2	HC-06(3AA59A817180)	0.419	0.323	0.899	12.207	-31.982	10.010	19.04	-18.68	93.33	33.7	18217	75
2024-9-12 11:44:28:3	HC-06(3AA59A817180)	0.436	0.333	0.854	6.714	-28.687	0.122	19.36	-19.51	93.17	33.7	18217	75
2024-9-12 11:44:28:30	HC-06(3AA59A817180)	0.441	0.368	0.846	6.714	-28.687	0.122	19.46	-19.78	93.08	33.7	18217	75
2024-9-12 11:44:28:31	HC-06(3AA59A817180)	0.409	0.393	0.852	5.493	-28.381	-5.188	19.69	-20.26	92.78	33.7	18217	75
2024-9-12 11:44:28:32	HC-06(3AA59A817180)	0.409	0.372	0.861	7.324	-28.809	-6.165	19.82	-20.52	92.62	33.7	18217	75
2024-9-12 11:44:28:67	HC-06(3AA59A817180)	0.375	0.372	0.861	7.324	-28.809	-6.165	19.96	-20.76	92.46	33.7	18217	75
2024-9-12 11:44:28:67	HC-06(3AA59A817180)	0.375	0.339	0.881	8.728	-30.884	-5.188	20.12	-21.03	92.30	33.7	18217	75
2024-9-12 11:44:28:67	HC-06(3AA59A817180)	0.378	0.339	0.881	12.939	-29.602	-2.563	20.64	-21.83	91.87	33.7	18217	75
2024-9-12 11:44:28:68	HC-06(3AA59A817180)	0.378	0.366	0.873	18.494	-26.367	1.221	20.86	-22.08	91.79	33.7	18217	75
2024-9-12 11:44:28:178	HC-06(3AA59A817180)	0.382	0.366	0.873	18.494	-26.367	1.221	21.08	-22.32	91.70	33.7	18217	75
2024-9-12 11:44:28:178	HC-06(3AA59A817180)	0.382	0.381	0.867	22.217	-25.024	3.723	21.33	-22.56	91.64	33.7	18217	75
2024-9-12 11:44:28:183	HC-06(3AA59A817180)	0.463	0.381	0.867	22.217	-25.024	3.723	24.87	-28.04	91.24	33.7	18217	75
2024-9-12 11:44:28:184	HC-06(3AA59A817180)	0.463	0.371	0.758	16.479	-27.344	18.555	25.02	-28.33	91.29	33.7	18217	75
2024-9-12 11:44:28:268	HC-06(3AA59A817180)	0.434	0.371	0.758	16.479	-27.344	18.555	25.15	-28.65	91.35	33.7	18217	75
2024-9-12 11:44:28:329	HC-06(3AA59A817180)	0.434	0.401	0.742	15.808	-29.724	22.766	25.28	-28.98	91.43	33.7	18217	75
2024-9-12 11:44:28:331	HC-06(3AA59A817180)	0.466	0.401	0.742	15.808	-29.724	22.766	26.12	-32.73	92.43	33.7	18217	75
2024-9-12 11:44:28:332	HC-06(3AA59A817180)	0.397	0.352	0.786	13.428	-41.565	39.917	26.14	-34.28	93.08	33.7	18217	75
2024-9-12 11:44:28:334	HC-06(3AA59A817180)	0.333	0.212	0.478	-2.563	-108.643	119.385	18.91	-50.22	103.85	33.7	18217	75
2024-9-12 11:44:31:688	HC-06(3AA59A817180)	0.333	0.153	0.470	-9.216	-117.493	130.859	17.87	-51.56	105.14	33.7	18217	75
2024-9-12 11:44:31:689	HC-06(3AA59A817180)	0.361	0.153	0.470	-9.216	-117.493	130.859	16.66	-52.94	106.58	33.7	18217	75
2024-9-12 11:44:31:690	HC-06(3AA59A817180)	0.361	0.149	0.431	-7.996	-121.338	140.991	15.30	-54.33	108.19	33.7	18217	75
2024-9-12 11:44:31:693	HC-06(3AA59A817180)	0.103	0.149	0.431	-7.996	-121.338	140.991	-53.84	-67.71	178.29	33.7	18217	75
2024-9-12 11:44:31:719	HC-06(3AA59A817180)	0.103	-0.497	0.097	-38.696	-132.690	211.975	-59.61	-66.59	-176.12	33.7	18217	75
2024-9-12 11:44:31:720	HC-06(3AA59A817180)	0.299	-0.497	0.097	-38.696	-132.690	211.975	-64.68	-65.30	-171.08	33.7	18217	75
2024-9-12 11:44:31:721	HC-06(3AA59A817180)	0.704	-0.643	0.105	3.235	-123.718	200.684	-77.07	-59.21	-157.40	33.7	18217	75
2024-9-12 11:44:31:722	HC-06(3AA59A817180)	0.704	-0.506	-0.112	7.446	-94.177	150.024	-78.94	-57.77	-155.19	33.7	18217	75
2024-9-12 11:44:31:750	HC-06(3AA59A817180)	1.005	-0.506	-0.112	7.446	-94.177	150.024	-80.67	-56.43	-153.25	33.7	18217	75
2024-9-12 11:44:31:751	HC-06(3AA59A817180)	1.005	-0.848	0.143	45.166	-77.637	112.122	-81.93	-55.24	-151.63	33.7	18217	75
2024-9-12 11:44:31:752	HC-06(3AA59A817180)	1.735	-0.848	0.143	45.166	-77.637	112.122	-82.75	-54.22	-150.27	33.7	18217	75
2024-9-12 11:44:31:752	HC-06(3AA59A817180)	6.939	-1.546	-0.109	123.779	-8.118	44.434	-82.61	-53.49	-149.62	33.7	18217	75
2024-9-12 11:44:31:788	HC-06(3AA59A817180)	2.201	-6.184	-0.437	123.779	-8.118	44.434	-81.57	-53.03	-149.62	33.7	18217	75
2024-9-12 11:44:31:788	HC-06(3AA59A817180)	2.201	-1.214	-0.604	146.973	85.449	-10.742	-79.80	-52.77	-150.44	33.7	18217	75
2024-9-12 11:44:31:788	HC-06(3AA59A817180)	1.396	-1.214	-0.604	146.973	85.449	-10.742	-77.29	-52.67	-152.08	33.7	18217	75
2024-9-12 11:44:31:789	HC-06(3AA59A817180)	1.396	-0.987	-0.200	86.182	94.055	-29.480	-75.03	-52.62	-153.82	33.7	18217	75
2024-9-12 11:44:31:789	HC-06(3AA59A817180)	0.101	-0.987	-0.200	86.182	94.055	-29.480	-73.00	-52.61	-155.66	33.7	18217	75
2024-9-12 11:44:31:810	HC-06(3AA59A817180)	0.101	-1.097	0.348	69.763	65.247	-52.917	-71.19	-52.73	-157.34	33.7	18217	75
2024-9-12 11:44:31:839	HC-06(3AA59A817180)	0.259	-1.097	0.348	69.763	65.247	-52.917	-69.58	-52.96	-158.86	33.7	18217	75
2024-9-12 11:44:31:840	HC-06(3AA59A817180)	3.741	-0.602	0.336	62.500	71.655	-152.100	-69.58	-52.96	-158.86	33.7	18217	75
2024-9-12 11:44:31:842	HC-06(3AA59A817180)	3.741	-2.549	-0.970	286.560	-48.218	-84.839	-51.36	-56.05	-173.91	33.7	18217	75
2024-9-12 11:44:31:843	HC-06(3AA59A817180)	3.144	-2.549	-0.970	286.560	-48.218	-84.839	-48.44	-56.90	-174.37	33.7	18217	75
2024-9-12 11:44:31:843	HC-06(3AA59A817180)	3.144	-2.567	-0.228	-160.156	-83.862	-180.847	-47.42	-58.23	-175.27	33.7	18217	75
2024-9-12 11:44:31:871	HC-06(3AA59A817180)	1.229	-2.567	-0.228	-160.156	-83.862	-180.847	-47.42	-58.23	-175.27	33.7	18217	75
2024-9-12 11:44:31:871	HC-06(3AA59A817180)	0.503	-1.119	0.372	-160.156	-83.862	-180.847	-47.42	-58.23	-175.27	33.7	18217	75
2024-9-12 11:44:31:900	HC-06(3AA59A817180)	0.357	-0.102	0.128	-88.989	-197.021	-51.025	-67.05	-67.01	-166.58	33.7	18217	75
2024-9-12 11:44:31:928	HC-06(3AA59A817180)	0.770	0.181	0.091	44.006	-23.254	10.010	-84.16	-69.57	-150.86	33.7	18217	75
2024-9-12 11:44:31:931	HC-06(3AA59A817180)	0.770	0.125	-0.100	50.049	32.410	-3.052	-83.49	-69.44	-151.20	33.7	18217	75
2024-9-12 11:44:31:931	HC-06(3AA59A817180)	0.868	0.125	-0.100	50.049	32.410	-3.052	-82.06	-69.37	-152.33	33.7	18217	75
2024-9-12 11:44:31:932	HC-06(3AA59A817180)	0.868	0.159	-0.161	25.085	38.147	-50.354	-80.62	-69.54	-153.62	33.7	18217	75
2024-9-12 11:44:31:932	HC-06(3AA59A817180)	0.381	0.159	-0.161	25.085	38.147	-50.354	-80.62	-69.54	-153.62	33.7	18217	75
2024-9-12 11:44:31:959	HC-06(3AA59A817180)	0.360	-1.003	-0.443	25.085	38.147	-50.354	-112.82	-22.62	175.97	33.7	18217	75
2024-9-12 11:44:31:988	HC-06(3AA59A817180)	0.360	-0.876	-0.342	44.312	-17.212	13.977	-112.51	-22.42	176.02	33.7	18217	75
2024-9-12 11:44:31:992	HC-06(3AA59A817180)	0.380	-0.876	-0.342	44.312	-17.212	13.977	-112.12	-22.24	176.07	33.7	18217	75
2024-9-12 11:44:31:993	HC-06(3AA59A817180)	0.380	-0.907	-0.351	61.829	-14.404	10.620	-111.64	-22.07	176.10	33.7	18217	75
2024-9-12 11:44:31:993	HC-06(3AA59A817180)	0.326	-0.907	-0.351	61.829	-14.404	10.620	-111.08	-21.92	176.13	33.7	18217	75
2024-9-12 11:44:31:993	HC-06(3AA59A817180)	0.326	-0.899	-0.404	59.814	-13.916	5.554	-110.53	-21.79	176.18	33.7	18217	75
2024-9-12 11:44:32:20	HC-06(3AA59A817180)	0.333	-0.899	-0.404	59.814	-13.916	5.554	-110.00	-21.69	176.23	33.7	18217	75
2024-9-12 11:44:32:21	HC-06(3AA59A817180)	0.333	-0.876	-0.402	58.411	-11.536	2.502	-109.48	-21.61	176.27	33.7	18217	75
2024-9-12 11:44:32:21	HC-06(3AA59A817180)	0.317	-0.876	-0.402	58.411	-11.536	2.502	-108.96	-21.55	176.31	33.7	18217	75
2024-9-12 11:44:32:22	HC-06(3AA59A817180)	0.317	-0.856	-0.393	57.800	-7.568	1.221	-108.45	-21.49	176.33	33.7	18217	75
2024-9-12 11:44:32:22	HC-06(3AA59A817180)	0.296	-0.856	-0.393	57.800	-7.568	1.221	-107.93	-21.46	176.34	33.7	18217	75
2024-9-12 11:44:32:51	HC-06(3AA59A817180)	0.296	-0.840	-0.372	59.631	-6.592	2.380	-107.40	-21.41	176.34	33.7	18217	75
2024-9-12 11:44:32:52	HC-06(3AA59A817180)	0.313	-0.840	-0.372	59.631	-6.592	2.380	-106.88	-21.36	176.33	33.7	18217	75
2024-9-12 11:44:32:52	HC-06(3AA59A817180)	0.313	-0.849	-0.376	57.434	-9.216	1.892	-106.36	-21.30	176.34	33.7	18217	75
2024-9-12 11:44:32:53	HC-06(3AA59A817180)	0.357	-0.849	-0.376	57.434	-9.216	1.892	-105.86	-21.25	176.36	33.7	18217	75
2024-9-12 11:44:32:84	HC-06(3AA59A817180)	0.357	-0.862	-0.391	54.077	-11.902	-0.916	-105.40	-21.20	176.40	33.7	18217	75
2024-9-12 11:44:32:84	HC-06(3AA59A817180)	0.358	-0.862	-0.391	54.077	-11.902	-0.916	-104.95	-21.17	176.46	33.7	18217	75
2024-9-12 11:44:32:84	HC-06(3AA59A817180)	0.358	-0.865	-0.357	48.340	-14.221	-5.615	-104.55	-21.16	176.54	33.7	18217	75
2024-9-12 11:44:32:110	HC-06(3AA59A817180)	0.361	-0.865	-0.357	48.340	-14.221	-5.615	-104.18	-21.17	176.64	33.7	18217	75
2024-9-12 11:44:32:110	HC-06(3AA59A817180)	0.361	-0.832	-0.300	46.204	-16.479	-9.644	-103.83	-21.19	176.75	33.7	18217	75
2024-9-12 11:44:32:111	HC-06(3AA59A817180)	0.360	-0.832	-0.300	46.204	-16.479	-9.644	-103.50	-21.24	176.89	33.7	18217	75
2024-9-12 11:44:32:112	HC-06(3AA59A817180)	0.360	-0.847	-0.301	39.612	-16.968	-14.404	-103.21	-21.31	177.02	33.7	18217	75
2024-9-12 11:44:32:139	HC-06(3AA59A817180)	0.309	-0.847	-0.301	39.612	-16.968	-14.404	-102.94	-21.40	177.17	33.7	18217	75
2024-9-12 11:44:32:140	HC-06(3AA59A817180)	0.309	-0.830	-0.296	33.447	-17.212	-17.151	-102.71	-21.51	177.32	33.7	18217	75
2024-9-12 11:44:32:141	HC-06(3AA59A817180)	0.294	-0.830	-0.296	33.447	-17.212	-17.151	-102.52	-21.63	177.48	33.7	18217	75
2024-9-12 11:44:32:142	HC-06(3AA59A817180)	0.294	-0.811	-0.271	35.706	-17.090	-17.151	-102.31	-21.75	177.64	33.7	18217	75
2024-9-12 11:44:32:200	HC-06(3AA59A817180)	0.305	-0.811	-0.271	35.706	-17.090	-17.151	-102.09	-21.87	177.80	33.7	18217	75
2024-9-12 11:44:32:201	HC-06(3AA59A817180)	0.305	-0.793	-0.266	34.302	-14.404	-13.672	-101.87	-21.97	177.94	33.6	18217	75
2024-9-12 11:44:32:201	HC-06(3AA59A817180)	0.310	-0.793	-0.266	34.302	-14.404	-13.672	-101.65	-22.06	178.06	33.6	18217	75
2024-9-12 11:44:32:203	HC-06(3AA59A817180)	0.310	-0.758	-0.270	26.733	-12.329	-12.207	-101.46	-22.14	178.17	33.7	18217	75
2024-9-12 11:44:32:203	HC-06(3AA59A817180)	0.265	-0.758	-0.270	26.733	-12.329	-12.207	-101.31	-22.23	178.27	33.7	18217	75
2024-9-12 11:44:32:229	HC-06(3AA59A817180)	0.265	-0.704	-0.256	21.545	-10.742	-5.737	-101.18	-22.27	178.35	33.7	18217	75
2024-9-12 11:44:32:230	HC-06(3AA59A817180)	0.224	-0.704	-0.256	21.545	-10.742	-5.737	-101.07	-22.29	178.42	33.7	18217	75
2024-9-12 11:44:32:231	HC-06(3AA59A817180)	0.224	-0.692	-0.227	19.043	-10.681	-0.305	-100.97	-22.29	178.48	33.7	18217	75
2024-9-12 11:44:32:232	HC-06(3AA59A817180)	0.252	-0.692	-0.227	19.043	-10.681	-0.305	-100.88	-22.25	178.54	33.7	18217	75
2024-9-12 11:44:32:260	HC-06(3AA59A817180)	0.252	-0.710	-0.239	22.888	-8.545	3.052	-100.76	-22.20	178.58	33.7	18217	75
2024-9-12 11:44:32:260	HC-06(3AA59A817180)	0.322	-0.710	-0.239	22.888	-8.545	3.052	-100.62	-22.13	178.60	33.7	18217	75
2024-9-12 11:44:32:262	HC-06(3AA59A817180)	0.322	-0.771	-0.219	24.658	-5.615	1.038	-100.46	-22.08	178.62	33.7	18217	75
2024-9-12 11:44:32:263	HC-06(3AA59A817180)	0.352	-0.771	-0.219	24.658	-5.615	1.038	-100.29	-22.04	178.62	33.7	18217	75
2024-9-12 11:44:32:264	HC-06(3AA59A817180)	0.352	-0.815	-0.199	33.081	-3.174	0.061	-100.07	-22.02	178.61	33.7	18217	75
2024-9-12 11:44:32:291	HC-06(3AA59A817180)	0.380	-0.815	-0.199	33.081	-3.174	0.061	-99.81	-21.99	178.59	33.7	18217	75
2024-9-12 11:44:32:291	HC-06(3AA59A817180)	0.380	-0.844	-0.203	36.438	-0.671	1.099	-99.51	-21.97	178.55	33.7	18217	75
2024-9-12 11:44:32:292	HC-06(3AA59A817180)	0.408	-0.844	-0.203	36.438	-0.671	1.099	-99.20	-21.95	178.50	33.7	18217	75
2024-9-12 11:44:32:292	HC-06(3AA59A817180)	0.408	-0.882	-0.154	38.940	0.000	0.671	-98.87	-21.93	178.45	33.7	18217	75
2024-9-12 11:44:32:320	HC-06(3AA59A817180)	0.399	-0.882	-0.154	38.940	0.000	0.671	-98.53	-21.92	178.39	33.7	18217	75
2024-9-12 11:44:32:320	HC-06(3AA59A817180)	0.399	-0.944	-0.125	41.321	0.244	0.916	-98.17	-21.91	178.34	33.7	18217	75
2024-9-12 11:44:32:321	HC-06(3AA59A817180)	0.377	-0.944	-0.125	41.321	0.244	0.916	-97.79	-21.90	178.28	33.7	18217	75
2024-9-12 11:44:32:322	HC-06(3AA59A817180)	0.377	-0.962	-0.113	36.255	0.000	2.075	-97.44	-21.88	178.21	33.7	18217	75
2024-9-12 11:44:32:349	HC-06(3AA59A817180)	0.371	-0.962	-0.113	36.255	0.000	2.075	-97.11	-21.86	178.16	33.7	18217	75
2024-9-12 11:44:32:350	HC-06(3AA59A817180)	0.371	-1.005	-0.100	36.072	1.099	5.188	-96.78	-21.82	178.09	33.7	18217	75
2024-9-12 11:44:32:350	HC-06(3AA59A817180)	0.355	-1.005	-0.100	36.072	1.099	5.188	-96.45	-21.77	178.02	33.7	18217	75
2024-9-12 11:44:32:352	HC-06(3AA59A817180)	0.355	-0.968	-0.139	30.090	0.732	10.925	-96.14	-21.69	177.95	33.7	18217	75
2024-9-12 11:44:32:384	HC-06(3AA59A817180)	0.355	-0.968	-0.139	30.090	0.732	10.925	-95.86	-21.58	177.88	33.7	18217	75
2024-9-12 11:44:32:384	HC-06(3AA59A817180)	0.355	-0.939	-0.097	15.686	-1.038	9.155	-95.65	-21.48	177.81	33.7	18217	75
2024-9-12 11:44:32:384	HC-06(3AA59A817180)	0.293	-0.939	-0.097	15.686	-1.038	9.155	-95.53	-21.38	177.76	33.7	18217	75
2024-9-12 11:44:32:385	HC-06(3AA59A817180)	0.293	-0.901	-0.015	14.648	4.333	15.564	-95.39	-21.26	177.68	33.7	18217	75
2024-9-12 11:44:32:385	HC-06(3AA59A817180)	0.284	-0.901	-0.015	14.648	4.333	15.564	-95.24	-21.10	177.57	33.7	18217	75
2024-9-12 11:44:32:410	HC-06(3AA59A817180)	0.284	-0.957	0.029	23.193	8.423	23.743	-95.03	-20.91	177.43	33.7	18217	75
2024-9-12 11:44:32:410	HC-06(3AA59A817180)	0.253	-0.957	0.029	23.193	8.423	23.743	-94.77	-20.68	177.26	33.7	18217	75
2024-9-12 11:44:32:411	HC-06(3AA59A817180)	0.253	-1.011	0.017	34.546	8.911	26.245	-94.45	-20.43	177.10	33.7	18217	75
2024-9-12 11:44:32:412	HC-06(3AA59A817180)	0.236	-1.011	0.017	34.546	8.911	26.245	-94.08	-20.17	176.93	33.7	18217	75
2024-9-12 11:44:32:440	HC-06(3AA59A817180)	0.236	-0.997	-0.019	35.095	9.216	28.809	-93.69	-19.89	176.76	33.7	18217	75
2024-9-12 11:44:32:441	HC-06(3AA59A817180)	0.215	-0.997	-0.019	35.095	9.216	28.809	-93.31	-19.60	176.60	33.7	18217	75
2024-9-12 11:44:32:442	HC-06(3AA59A817180)	0.215	-1.019	-0.032	35.278	11.108	30.396	-92.92	-19.30	176.42	33.7	18217	75
2024-9-12 11:44:32:443	HC-06(3AA59A817180)	0.236	-1.019	-0.032	35.278	11.108	30.396	-92.53	-18.98	176.24	33.7	18217	75
2024-9-12 11:44:32:470	HC-06(3AA59A817180)	0.236	-1.020	-0.025	36.072	13.977	34.851	-92.13	-18.65	176.04	33.7	18217	75
2024-9-12 11:44:32:471	HC-06(3AA59A817180)	0.248	-1.020	-0.025	36.072	13.977	34.851	-91.72	-18.29	175.84	33.7	18217	75
2024-9-12 11:44:32:500	HC-06(3AA59A817180)	0.248	-1.000	-0.005	39.856	15.015	44.495	-91.31	-17.89	175.62	33.7	18217	75
2024-9-12 11:44:32:500	HC-06(3AA59A817180)	0.263	-1.000	-0.005	39.856	15.015	44.495	-90.87	-17.44	175.41	33.7	18217	75
2024-9-12 11:44:32:502	HC-06(3AA59A817180)	0.263	-0.999	-0.015	40.649	15.564	45.166	-90.43	-16.97	175.19	33.7	18217	75
2024-9-12 11:44:32:502	HC-06(3AA59A817180)	0.267	-0.999	-0.015	40.649	15.564	45.166	-89.98	-16.52	174.98	33.7	18217	75
2024-9-12 11:44:32:529	HC-06(3AA59A817180)	0.267	-0.972	0.004	36.316	17.273	42.603	-89.57	-16.07	174.77	33.7	18217	75
2024-9-12 11:44:32:530	HC-06(3AA59A817180)	0.247	-0.972	0.004	36.316	17.273	42.603	-89.18	-15.64	174.54	33.7	18217	75
2024-9-12 11:44:32:531	HC-06(3AA59A817180)	0.247	-0.988	0.061	42.297	18.616	42.053	-88.75	-15.22	174.31	33.7	18217	75
2024-9-12 11:44:32:532	HC-06(3AA59A817180)	0.220	-0.988	0.061	42.297	18.616	42.053	-88.30	-14.79	174.09	33.7	18217	75
2024-9-12 11:44:32:560	HC-06(3AA59A817180)	0.220	-0.973	0.078	48.462	20.386	40.649	-87.81	-14.37	173.85	33.7	18217	75
2024-9-12 11:44:32:560	HC-06(3AA59A817180)	0.197	-0.973	0.078	48.462	20.386	40.649	-87.30	-13.96	173.61	33.7	18217	75
2024-9-12 11:44:32:562	HC-06(3AA59A817180)	0.197	-0.989	0.104	53.772	22.156	32.593	-86.76	-13.59	173.36	33.7	18217	75
2024-9-12 11:44:32:563	HC-06(3AA59A817180)	0.165	-0.989	0.104	53.772	22.156	32.593	-86.19	-13.26	173.11	33.7	18217	75
2024-9-12 11:44:32:563	HC-06(3AA59A817180)	0.165	-0.983	0.143	56.335	24.231	28.748	-85.61	-12.94	172.85	33.7	18217	75
2024-9-12 11:44:32:591	HC-06(3AA59A817180)	0.171	-0.983	0.143	56.335	24.231	28.748	-85.01	-12.63	172.58	33.7	18217	75
2024-9-12 11:44:32:592	HC-06(3AA59A817180)	0.171	-1.013	0.184	68.481	28.992	36.560	-84.35	-12.29	172.29	33.7	18217	75
2024-9-12 11:44:32:592	HC-06(3AA59A817180)	0.167	-1.013	0.184	68.481	28.992	36.560	-83.63	-11.90	171.99	33.7	18217	75
2024-9-12 11:44:32:592	HC-06(3AA59A817180)	0.167	-0.988	0.150	71.167	28.748	36.682	-82.90	-11.50	171.69	33.7	18217	75
2024-9-12 11:44:32:620	HC-06(3AA59A817180)	0.105	-0.988	0.150	71.167	28.748	36.682	-82.16	-11.11	171.41	33.7	18217	75
2024-9-12 11:44:32:620	HC-06(3AA59A817180)	0.105	-0.898	0.103	62.012	18.616	33.997	-81.47	-10.73	171.17	33.7	18217	75
2024-9-12 11:44:32:621	HC-06(3AA59A817180)	0.087	-0.898	0.103	62.012	18.616	33.997	-80.85	-10.37	171.00	33.7	18217	75
2024-9-12 11:44:32:650	HC-06(3AA59A817180)	0.087	-0.873	0.168	46.387	5.737	43.152	-80.33	-9.97	170.89	33.7	18217	75
2024-9-12 11:44:32:651	HC-06(3AA59A817180)	0.128	-0.873	0.168	46.387	5.737	43.152	-79.89	-9.54	170.86	33.7	18217	75
2024-9-12 11:44:32:652	HC-06(3AA59A817180)	0.128	-0.801	0.287	39.795	1.892	51.575	-79.49	-9.07	170.86	33.7	18217	75
2024-9-12 11:44:32:652	HC-06(3AA59A817180)	0.134	-0.801	0.287	39.795	1.892	51.575	-79.12	-8.57	170.90	33.7	18217	75
2024-9-12 11:44:32:653	HC-06(3AA59A817180)	0.134	-0.903	0.423	48.279	7.080	54.443	-78.71	-8.05	170.91	33.7	18217	75
2024-9-12 11:44:32:685	HC-06(3AA59A817180)	0.119	-0.903	0.423	48.279	7.080	54.443	-78.24	-7.51	170.90	33.7	18217	75
2024-9-12 11:44:32:685	HC-06(3AA59A817180)	0.119	-0.986	0.441	62.622	12.085	53.650	-77.69	-6.98	170.88	33.7	18217	75
2024-9-12 11:44:32:685	HC-06(3AA59A817180)	0.079	-0.986	0.441	62.622	12.085	53.650	-77.06	-6.44	170.84	33.7	18217	75
2024-9-12 11:44:32:686	HC-06(3AA59A817180)	0.079	-1.019	0.386	72.021	13.733	48.462	-76.38	-5.93	170.78	33.7	18217	75
2024-9-12 11:44:32:710	HC-06(3AA59A817180)	0.093	-1.019	0.386	72.021	13.733	48.462	-75.65	-5.45	170.72	33.7	18217	75
2024-9-12 11:44:32:710	HC-06(3AA59A817180)	0.093	-1.122	0.388	79.285	15.442	35.034	-74.89	-5.02	170.65	33.7	18217	75
2024-9-12 11:44:32:712	HC-06(3AA59A817180)	0.125	-1.122	0.388	79.285	15.442	35.034	-74.09	-4.66	170.55	33.7	18217	75
2024-9-12 11:44:32:712	HC-06(3AA59A817180)	0.125	-1.088	0.424	79.834	18.372	16.968	-73.29	-4.38	170.41	33.7	18217	75
2024-9-12 11:44:32:739	HC-06(3AA59A817180)	0.129	-1.088	0.424	79.834	18.372	16.968	-72.49	-4.18	170.24	33.7	18217	75
2024-9-12 11:44:32:740	HC-06(3AA59A817180)	0.129	-0.976	0.506	65.002	17.639	4.822	-71.76	-4.04	170.06	33.7	18217	75
2024-9-12 11:44:32:741	HC-06(3AA59A817180)	0.122	-0.976	0.506	65.002	17.639	4.822	-71.10	-3.96	169.87	33.7	18217	75
2024-9-12 11:44:32:742	HC-06(3AA59A817180)	0.122	-0.911	0.637	53.223	14.587	-2.258	-70.49	-3.91	169.68	33.7	18217	75
2024-9-12 11:44:32:774	HC-06(3AA59A817180)	0.128	-0.911	0.637	53.223	14.587	-2.258	-69.94	-3.90	169.49	33.7	18217	75
2024-9-12 11:44:32:775	HC-06(3AA59A817180)	0.128	-0.908	0.750	60.303	13.794	-7.690	-69.36	-3.91	169.30	33.7	18217	75
2024-9-12 11:44:32:775	HC-06(3AA59A817180)	0.110	-0.908	0.750	60.303	13.794	-7.690	-68.72	-3.96	169.10	33.7	18217	75
2024-9-12 11:44:32:775	HC-06(3AA59A817180)	0.110	-0.909	0.766	79.834	15.198	-10.742	-67.98	-4.00	168.89	33.7	18217	75
